path_or_pattern,reason
/Users/dlev2617/Documents/Papers/~05-Published/Transportation Research part A/TRa-Microfoundations-London/*Letter*.doc,correspondence not archive payload
/Users/dlev2617/Documents/Papers/~05-Published/Transportation Research part A/TRa-Microfoundations-London/*Review*.txt,review material not archive payload
/Users/dlev2617/Documents/Papers/~05-Published/Transportation Research part A/TRa-Microfoundations-London/Reply to reviewers.doc,review response not archive payload
/Users/dlev2617/Documents/Papers/~05-Published/Transportation Research part A/TRa-Microfoundations-London/TRa paperwork,publisher paperwork not archive payload
/Users/dlev2617/Documents/Papers/~05-Published/Transportation Research part A/TRa-Microfoundations-London/*.ppt,presentation not archive payload
/Users/dlev2617/Documents/Papers/~05-Published/Transportation Research part A/TRA-D-15-00276 Corrigendum/Janusch/Game3player-priced1 copy.xls,inspected evidence only; fixes the probability cell but retains the old equilibrium and toll implementation
/Users/dlev2617/Documents/Papers/~05-Published/Transportation Research part A/TRA-D-15-00276 Corrigendum/*.pdf,local article/corrigendum references subject to publisher rights
/Users/dlev2617/Documents/Papers/~05-Published/Transportation Research part A/TRA-D-15-00276 Corrigendum/*.tex,source evidence used for reconstruction but not required as package payload
/Users/dlev2617/Documents/Papers/~05-Published/Transportation Research part A/TRa-Microfoundations-London/Microfoundations*.doc,manuscript drafts not model code
